{
  "required": true,
  "minVersion": "0.7",
  "package": "com.bogdan.qol.Mixins",
  "refmap": "mixins.bogdanqol.refmap.json",
  "compatibilityLevel": "JAVA_8",
  "mixins": [
    "MixinRenderLivingEntity",
    "MixinChunk",
    "MixinLayerCreeperCharge",
    "MixinWindowClick",
    "MixinPacket",
    "MixinGuiContainer",
    "MixinGameSettings",
    "MixinMinecraft",
    "MixinModList",
    "MixinItemStack",
    "MixinEntity",
    "MixinEntityPlayerSP",
    "MixinEntityPlayer",
    "MixinEntityRenderer",
    "MixinNetworkManager",
    "MixinNetHandlerPlayClient",
    "MixinRenderItem",
    "MixinRenderManager",
    "MixinRenderDragon",
    "MixinWorld",
    "MixinRenderLightningBolt",
    "MixinPlayerControllerMP"
  ]
}